[
    {
        "model": "admin.logentry",
        "pk": 1,
        "fields": {
            "action_time": "2024-01-24T22:52:38.908",
            "user": 1,
            "content_type": 5,
            "object_id": "1",
            "object_repr": "Administrator",
            "action_flag": 1,
            "change_message": "[{\"added\": {}}]"
        }
    },
    {
        "model": "admin.logentry",
        "pk": 2,
        "fields": {
            "action_time": "2024-01-24T22:54:29.235",
            "user": 1,
            "content_type": 5,
            "object_id": "2",
            "object_repr": "Clients",
            "action_flag": 1,
            "change_message": "[{\"added\": {}}]"
        }
    },
    {
        "model": "admin.logentry",
        "pk": 3,
        "fields": {
            "action_time": "2024-01-24T22:54:49.339",
            "user": 1,
            "content_type": 6,
            "object_id": "1",
            "object_repr": "Admin",
            "action_flag": 2,
            "change_message": "[{\"changed\": {\"fields\": [\"Groups\", \"User permissions\", \"Is administrator\"]}}]"
        }
    },
    {
        "model": "admin.logentry",
        "pk": 4,
        "fields": {
            "action_time": "2024-01-24T22:58:11.861",
            "user": 1,
            "content_type": 5,
            "object_id": "3",
            "object_repr": "Hotel Manager",
            "action_flag": 1,
            "change_message": "[{\"added\": {}}]"
        }
    },
    {
        "model": "admin.logentry",
        "pk": 5,
        "fields": {
            "action_time": "2024-01-24T23:03:46.973",
            "user": 1,
            "content_type": 6,
            "object_id": "2",
            "object_repr": "HotelManager01",
            "action_flag": 2,
            "change_message": "[{\"changed\": {\"fields\": [\"Groups\", \"User permissions\"]}}]"
        }
    },
    {
        "model": "admin.logentry",
        "pk": 6,
        "fields": {
            "action_time": "2024-01-25T00:08:16.309",
            "user": 1,
            "content_type": 5,
            "object_id": "2",
            "object_repr": "Clients",
            "action_flag": 3,
            "change_message": ""
        }
    },
    {
        "model": "admin.logentry",
        "pk": 7,
        "fields": {
            "action_time": "2024-01-25T00:08:16.321",
            "user": 1,
            "content_type": 5,
            "object_id": "3",
            "object_repr": "Hotel Manager",
            "action_flag": 3,
            "change_message": ""
        }
    },
    {
        "model": "admin.logentry",
        "pk": 8,
        "fields": {
            "action_time": "2024-01-25T00:08:42.975",
            "user": 1,
            "content_type": 6,
            "object_id": "2",
            "object_repr": "HotelManager01",
            "action_flag": 2,
            "change_message": "[{\"changed\": {\"fields\": [\"Groups\"]}}]"
        }
    },
    {
        "model": "admin.logentry",
        "pk": 9,
        "fields": {
            "action_time": "2024-01-25T00:09:42.317",
            "user": 1,
            "content_type": 5,
            "object_id": "4",
            "object_repr": "Hotel Managers",
            "action_flag": 2,
            "change_message": "[{\"changed\": {\"fields\": [\"Permissions\"]}}]"
        }
    },
    {
        "model": "admin.logentry",
        "pk": 10,
        "fields": {
            "action_time": "2024-01-25T00:10:32.480",
            "user": 1,
            "content_type": 5,
            "object_id": "5",
            "object_repr": "Users",
            "action_flag": 2,
            "change_message": "[{\"changed\": {\"fields\": [\"Permissions\"]}}]"
        }
    },
    {
        "model": "admin.logentry",
        "pk": 11,
        "fields": {
            "action_time": "2024-01-25T02:21:02.268",
            "user": 1,
            "content_type": 9,
            "object_id": "1",
            "object_repr": "Killarney Avenue",
            "action_flag": 2,
            "change_message": "[{\"changed\": {\"fields\": [\"Manager\"]}}]"
        }
    },
    {
        "model": "admin.logentry",
        "pk": 12,
        "fields": {
            "action_time": "2024-01-25T02:25:42.373",
            "user": 1,
            "content_type": 13,
            "object_id": "1",
            "object_repr": "Photo object (1)",
            "action_flag": 1,
            "change_message": "[{\"added\": {}}]"
        }
    },
    {
        "model": "admin.logentry",
        "pk": 13,
        "fields": {
            "action_time": "2024-01-25T02:25:55.351",
            "user": 1,
            "content_type": 13,
            "object_id": "2",
            "object_repr": "Photo object (2)",
            "action_flag": 1,
            "change_message": "[{\"added\": {}}]"
        }
    },
    {
        "model": "admin.logentry",
        "pk": 14,
        "fields": {
            "action_time": "2024-01-25T02:26:22.580",
            "user": 1,
            "content_type": 13,
            "object_id": "3",
            "object_repr": "Photo object (3)",
            "action_flag": 1,
            "change_message": "[{\"added\": {}}]"
        }
    },
    {
        "model": "admin.logentry",
        "pk": 15,
        "fields": {
            "action_time": "2024-01-25T02:26:27.164",
            "user": 1,
            "content_type": 9,
            "object_id": "1",
            "object_repr": "Killarney Avenue",
            "action_flag": 2,
            "change_message": "[{\"changed\": {\"fields\": [\"Other photos\"]}}]"
        }
    },
    {
        "model": "admin.logentry",
        "pk": 16,
        "fields": {
            "action_time": "2024-01-25T02:27:22.394",
            "user": 1,
            "content_type": 9,
            "object_id": "1",
            "object_repr": "Killarney Avenue",
            "action_flag": 2,
            "change_message": "[{\"changed\": {\"fields\": [\"Amenities\"]}}]"
        }
    },
    {
        "model": "admin.logentry",
        "pk": 17,
        "fields": {
            "action_time": "2024-01-25T02:59:53.195",
            "user": 1,
            "content_type": 9,
            "object_id": "1",
            "object_repr": "Killarney Avenue",
            "action_flag": 2,
            "change_message": "[]"
        }
    },
    {
        "model": "admin.logentry",
        "pk": 18,
        "fields": {
            "action_time": "2024-01-25T03:00:49.810",
            "user": 1,
            "content_type": 9,
            "object_id": "1",
            "object_repr": "Killarney Avenue",
            "action_flag": 2,
            "change_message": "[{\"changed\": {\"fields\": [\"Amenities\"]}}]"
        }
    },
    {
        "model": "admin.logentry",
        "pk": 19,
        "fields": {
            "action_time": "2024-01-25T05:48:17.313",
            "user": 1,
            "content_type": 13,
            "object_id": "6",
            "object_repr": "Photo object (6)",
            "action_flag": 3,
            "change_message": ""
        }
    },
    {
        "model": "admin.logentry",
        "pk": 20,
        "fields": {
            "action_time": "2024-01-25T05:48:17.324",
            "user": 1,
            "content_type": 13,
            "object_id": "5",
            "object_repr": "Photo object (5)",
            "action_flag": 3,
            "change_message": ""
        }
    },
    {
        "model": "admin.logentry",
        "pk": 21,
        "fields": {
            "action_time": "2024-01-25T05:48:17.335",
            "user": 1,
            "content_type": 13,
            "object_id": "4",
            "object_repr": "Photo object (4)",
            "action_flag": 3,
            "change_message": ""
        }
    },
    {
        "model": "admin.logentry",
        "pk": 22,
        "fields": {
            "action_time": "2024-01-25T05:48:17.346",
            "user": 1,
            "content_type": 13,
            "object_id": "3",
            "object_repr": "Photo object (3)",
            "action_flag": 3,
            "change_message": ""
        }
    },
    {
        "model": "admin.logentry",
        "pk": 23,
        "fields": {
            "action_time": "2024-01-25T05:48:17.358",
            "user": 1,
            "content_type": 13,
            "object_id": "2",
            "object_repr": "Photo object (2)",
            "action_flag": 3,
            "change_message": ""
        }
    },
    {
        "model": "admin.logentry",
        "pk": 24,
        "fields": {
            "action_time": "2024-01-25T05:48:17.371",
            "user": 1,
            "content_type": 13,
            "object_id": "1",
            "object_repr": "Photo object (1)",
            "action_flag": 3,
            "change_message": ""
        }
    },
    {
        "model": "admin.logentry",
        "pk": 25,
        "fields": {
            "action_time": "2024-01-25T07:42:00.465",
            "user": 1,
            "content_type": 6,
            "object_id": "3",
            "object_repr": "HotelManager02",
            "action_flag": 2,
            "change_message": "[{\"changed\": {\"fields\": [\"Groups\", \"User permissions\", \"Is hotel manager\"]}}]"
        }
    },
    {
        "model": "admin.logentry",
        "pk": 26,
        "fields": {
            "action_time": "2024-01-25T16:26:39.972",
            "user": 1,
            "content_type": 5,
            "object_id": "4",
            "object_repr": "Hotel Managers",
            "action_flag": 2,
            "change_message": "[]"
        }
    },
    {
        "model": "admin.logentry",
        "pk": 27,
        "fields": {
            "action_time": "2024-01-25T22:09:26.833",
            "user": 1,
            "content_type": 9,
            "object_id": "3",
            "object_repr": "Great Southern Killarney",
            "action_flag": 2,
            "change_message": "[{\"changed\": {\"fields\": [\"Amenities\", \"Manager\"]}}]"
        }
    },
    {
        "model": "admin.logentry",
        "pk": 28,
        "fields": {
            "action_time": "2024-01-25T22:09:36.416",
            "user": 1,
            "content_type": 9,
            "object_id": "2",
            "object_repr": "The Lake Hotel",
            "action_flag": 2,
            "change_message": "[{\"changed\": {\"fields\": [\"Manager\"]}}]"
        }
    },
    {
        "model": "admin.logentry",
        "pk": 29,
        "fields": {
            "action_time": "2024-01-25T22:10:34.601",
            "user": 1,
            "content_type": 9,
            "object_id": "2",
            "object_repr": "The Lake Hotel",
            "action_flag": 2,
            "change_message": "[]"
        }
    },
    {
        "model": "admin.logentry",
        "pk": 30,
        "fields": {
            "action_time": "2024-01-25T22:10:40.733",
            "user": 1,
            "content_type": 9,
            "object_id": "2",
            "object_repr": "The Lake Hotel",
            "action_flag": 2,
            "change_message": "[{\"changed\": {\"fields\": [\"Manager\"]}}]"
        }
    },
    {
        "model": "admin.logentry",
        "pk": 31,
        "fields": {
            "action_time": "2024-01-25T22:13:43.395",
            "user": 1,
            "content_type": 9,
            "object_id": "2",
            "object_repr": "The Lake Hotel",
            "action_flag": 2,
            "change_message": "[{\"changed\": {\"fields\": [\"Amenities\", \"Manager\"]}}]"
        }
    },
    {
        "model": "admin.logentry",
        "pk": 32,
        "fields": {
            "action_time": "2024-01-25T22:13:57.567",
            "user": 1,
            "content_type": 9,
            "object_id": "1",
            "object_repr": "Killarney Avenue",
            "action_flag": 2,
            "change_message": "[{\"changed\": {\"fields\": [\"Amenities\"]}}]"
        }
    },
    {
        "model": "admin.logentry",
        "pk": 33,
        "fields": {
            "action_time": "2024-01-25T22:14:02.417",
            "user": 1,
            "content_type": 9,
            "object_id": "3",
            "object_repr": "Great Southern Killarney",
            "action_flag": 2,
            "change_message": "[]"
        }
    },
    {
        "model": "admin.logentry",
        "pk": 34,
        "fields": {
            "action_time": "2024-01-25T23:56:58.499",
            "user": 1,
            "content_type": 6,
            "object_id": "4",
            "object_repr": "HotelUser01",
            "action_flag": 2,
            "change_message": "[{\"changed\": {\"fields\": [\"Groups\", \"User permissions\", \"Is client user\"]}}]"
        }
    },
    {
        "model": "admin.logentry",
        "pk": 35,
        "fields": {
            "action_time": "2024-01-26T00:00:08.410",
            "user": 1,
            "content_type": 5,
            "object_id": "5",
            "object_repr": "Users",
            "action_flag": 2,
            "change_message": "[{\"changed\": {\"fields\": [\"Permissions\"]}}]"
        }
    },
    {
        "model": "admin.logentry",
        "pk": 36,
        "fields": {
            "action_time": "2024-01-26T00:00:43.530",
            "user": 1,
            "content_type": 6,
            "object_id": "4",
            "object_repr": "HotelUser01",
            "action_flag": 2,
            "change_message": "[{\"changed\": {\"fields\": [\"User permissions\"]}}]"
        }
    },
    {
        "model": "admin.logentry",
        "pk": 37,
        "fields": {
            "action_time": "2024-01-26T01:15:09.571",
            "user": 1,
            "content_type": 12,
            "object_id": "2",
            "object_repr": "Rating for 2 - HotelUser01 - The Lake Hotel Booking (Active) by HotelUser01",
            "action_flag": 3,
            "change_message": ""
        }
    },
    {
        "model": "admin.logentry",
        "pk": 38,
        "fields": {
            "action_time": "2024-01-26T01:15:09.582",
            "user": 1,
            "content_type": 12,
            "object_id": "1",
            "object_repr": "Rating for 1 - HotelUser01 - Killarney Avenue Booking (Active) by HotelUser01",
            "action_flag": 3,
            "change_message": ""
        }
    },
    {
        "model": "admin.logentry",
        "pk": 39,
        "fields": {
            "action_time": "2024-01-26T02:53:04.966",
            "user": 1,
            "content_type": 9,
            "object_id": "1",
            "object_repr": "Killarney Avenue",
            "action_flag": 2,
            "change_message": "[{\"changed\": {\"fields\": [\"Rated bookings\"]}}]"
        }
    },
    {
        "model": "admin.logentry",
        "pk": 40,
        "fields": {
            "action_time": "2024-01-26T02:54:16.575",
            "user": 1,
            "content_type": 9,
            "object_id": "2",
            "object_repr": "The Lake Hotel",
            "action_flag": 2,
            "change_message": "[{\"changed\": {\"fields\": [\"Amenities\", \"Rated bookings\"]}}]"
        }
    },
    {
        "model": "admin.logentry",
        "pk": 41,
        "fields": {
            "action_time": "2024-01-26T02:59:16.050",
            "user": 1,
            "content_type": 9,
            "object_id": "3",
            "object_repr": "Great Southern Killarney",
            "action_flag": 2,
            "change_message": "[{\"changed\": {\"fields\": [\"Amenities\", \"Rated bookings\"]}}]"
        }
    },
    {
        "model": "contenttypes.contenttype",
        "pk": 1,
        "fields": {
            "app_label": "admin",
            "model": "logentry"
        }
    },
    {
        "model": "contenttypes.contenttype",
        "pk": 2,
        "fields": {
            "app_label": "contenttypes",
            "model": "contenttype"
        }
    },
    {
        "model": "contenttypes.contenttype",
        "pk": 3,
        "fields": {
            "app_label": "sessions",
            "model": "session"
        }
    },
    {
        "model": "contenttypes.contenttype",
        "pk": 4,
        "fields": {
            "app_label": "auth",
            "model": "permission"
        }
    },
    {
        "model": "contenttypes.contenttype",
        "pk": 5,
        "fields": {
            "app_label": "auth",
            "model": "group"
        }
    },
    {
        "model": "contenttypes.contenttype",
        "pk": 6,
        "fields": {
            "app_label": "hotel_your_choice",
            "model": "customuser"
        }
    },
    {
        "model": "contenttypes.contenttype",
        "pk": 7,
        "fields": {
            "app_label": "hotel_your_choice",
            "model": "amenity"
        }
    },
    {
        "model": "contenttypes.contenttype",
        "pk": 8,
        "fields": {
            "app_label": "hotel_your_choice",
            "model": "booking"
        }
    },
    {
        "model": "contenttypes.contenttype",
        "pk": 9,
        "fields": {
            "app_label": "hotel_your_choice",
            "model": "hotel"
        }
    },
    {
        "model": "contenttypes.contenttype",
        "pk": 10,
        "fields": {
            "app_label": "hotel_your_choice",
            "model": "userrating"
        }
    },
    {
        "model": "contenttypes.contenttype",
        "pk": 11,
        "fields": {
            "app_label": "hotel_your_choice",
            "model": "useractivity"
        }
    },
    {
        "model": "contenttypes.contenttype",
        "pk": 12,
        "fields": {
            "app_label": "hotel_your_choice",
            "model": "rating"
        }
    },
    {
        "model": "contenttypes.contenttype",
        "pk": 13,
        "fields": {
            "app_label": "hotel_your_choice",
            "model": "photo"
        }
    },
    {
        "model": "contenttypes.contenttype",
        "pk": 14,
        "fields": {
            "app_label": "hotel_your_choice",
            "model": "comment"
        }
    },
    {
        "model": "sessions.session",
        "pk": "1vxdyxoniejubyba2srfhq8h3jrfx8i6",
        "fields": {
            "session_data": ".eJxVjL0OwyAQg9-FuUL8BULH7nkGdMeRkrYCKSRT1XcvkTK0gwf7s_1mAfYth72lNSzErsywy2-GEJ-pHIAeUO6Vx1q2dUF-VPhJG58qpdft7P4dZGi5rx1GUsY6ESH6NPt50ERKSEAjFZK3Iw7GKxqhq5uotOtEC-mdtl6xzxfxzjdG:1rTB8w:Rpxb0vnyoJ1HUO_UqME8wL9eq0ZYwBZp0cbMYJOAuWg",
            "expire_date": "2024-02-09T01:36:30.072"
        }
    },
    {
        "model": "sessions.session",
        "pk": "drjtaapxqqfziz1bg4mk2tl7lvxha7b9",
        "fields": {
            "session_data": ".eJxVjDsOwjAQBe_iGln-O6akzxmstXeNA8iR4qRC3J1ESgHtm5n3ZhG2tcat0xInZFcm2eV3S5Cf1A6AD2j3mee5rcuU-KHwk3Y-zkiv2-n-HVToda-L8kUE5TIlNxSnnPIeAFEOYEjngI52JGwmb4vMwWjlrNUohBayKMM-X_L6N9A:1rTCR2:6NWiGg6cfA6prsd-AnJJOhyke7UJ6zW45q-6M41a7Vk",
            "expire_date": "2024-02-09T02:59:16.111"
        }
    },
    {
        "model": "sessions.session",
        "pk": "ffyo07e4d7nnnygdgqw7007igzlhorpl",
        "fields": {
            "session_data": ".eJx1kD1PwzAQhv-K8RxFrvNJRiQkhrYsIIamss72OXFJbclOBoT47zgQJBhYn3ve93T3TgUs8yiWiEFYTTta0Ow3k6Be0a0DfQE3-Fx5Nwcr81XJt2nMD17jdLe5fwpGiGNKV9Jwo4tdWwPjWhlZ32JhimbXcDB1BXXLpCrqpi1NJTUazhIqoOUtNyhLvpZeMUYYMKa606mnQlyidz-0pxlhGeFVRnr6gpPyV8zIg59xOoBLQmD8pqfnjPwXLdkavQ_BBwJaWzeQcY135Pj4RI7P-z1Jx8c5gHUzMWAn1N23It78EoQavVUovki-fTRtPNOPT7VHd1w:1rSuPC:ElyxxIGVQUBrHiLhv_loF6XiqNyDoUnh0aRP_NXOMZA",
            "expire_date": "2024-02-08T07:44:10.691"
        }
    },
    {
        "model": "auth.permission",
        "pk": 1,
        "fields": {
            "name": "Can add log entry",
            "content_type": 1,
            "codename": "add_logentry"
        }
    },
    {
        "model": "auth.permission",
        "pk": 2,
        "fields": {
            "name": "Can change log entry",
            "content_type": 1,
            "codename": "change_logentry"
        }
    },
    {
        "model": "auth.permission",
        "pk": 3,
        "fields": {
            "name": "Can delete log entry",
            "content_type": 1,
            "codename": "delete_logentry"
        }
    },
    {
        "model": "auth.permission",
        "pk": 4,
        "fields": {
            "name": "Can view log entry",
            "content_type": 1,
            "codename": "view_logentry"
        }
    },
    {
        "model": "auth.permission",
        "pk": 5,
        "fields": {
            "name": "Can add content type",
            "content_type": 2,
            "codename": "add_contenttype"
        }
    },
    {
        "model": "auth.permission",
        "pk": 6,
        "fields": {
            "name": "Can change content type",
            "content_type": 2,
            "codename": "change_contenttype"
        }
    },
    {
        "model": "auth.permission",
        "pk": 7,
        "fields": {
            "name": "Can delete content type",
            "content_type": 2,
            "codename": "delete_contenttype"
        }
    },
    {
        "model": "auth.permission",
        "pk": 8,
        "fields": {
            "name": "Can view content type",
            "content_type": 2,
            "codename": "view_contenttype"
        }
    },
    {
        "model": "auth.permission",
        "pk": 9,
        "fields": {
            "name": "Can add session",
            "content_type": 3,
            "codename": "add_session"
        }
    },
    {
        "model": "auth.permission",
        "pk": 10,
        "fields": {
            "name": "Can change session",
            "content_type": 3,
            "codename": "change_session"
        }
    },
    {
        "model": "auth.permission",
        "pk": 11,
        "fields": {
            "name": "Can delete session",
            "content_type": 3,
            "codename": "delete_session"
        }
    },
    {
        "model": "auth.permission",
        "pk": 12,
        "fields": {
            "name": "Can view session",
            "content_type": 3,
            "codename": "view_session"
        }
    },
    {
        "model": "auth.permission",
        "pk": 13,
        "fields": {
            "name": "Can add permission",
            "content_type": 4,
            "codename": "add_permission"
        }
    },
    {
        "model": "auth.permission",
        "pk": 14,
        "fields": {
            "name": "Can change permission",
            "content_type": 4,
            "codename": "change_permission"
        }
    },
    {
        "model": "auth.permission",
        "pk": 15,
        "fields": {
            "name": "Can delete permission",
            "content_type": 4,
            "codename": "delete_permission"
        }
    },
    {
        "model": "auth.permission",
        "pk": 16,
        "fields": {
            "name": "Can view permission",
            "content_type": 4,
            "codename": "view_permission"
        }
    },
    {
        "model": "auth.permission",
        "pk": 17,
        "fields": {
            "name": "Can add group",
            "content_type": 5,
            "codename": "add_group"
        }
    },
    {
        "model": "auth.permission",
        "pk": 18,
        "fields": {
            "name": "Can change group",
            "content_type": 5,
            "codename": "change_group"
        }
    },
    {
        "model": "auth.permission",
        "pk": 19,
        "fields": {
            "name": "Can delete group",
            "content_type": 5,
            "codename": "delete_group"
        }
    },
    {
        "model": "auth.permission",
        "pk": 20,
        "fields": {
            "name": "Can view group",
            "content_type": 5,
            "codename": "view_group"
        }
    },
    {
        "model": "auth.permission",
        "pk": 21,
        "fields": {
            "name": "Can add user",
            "content_type": 6,
            "codename": "add_customuser"
        }
    },
    {
        "model": "auth.permission",
        "pk": 22,
        "fields": {
            "name": "Can change user",
            "content_type": 6,
            "codename": "change_customuser"
        }
    },
    {
        "model": "auth.permission",
        "pk": 23,
        "fields": {
            "name": "Can delete user",
            "content_type": 6,
            "codename": "delete_customuser"
        }
    },
    {
        "model": "auth.permission",
        "pk": 24,
        "fields": {
            "name": "Can view user",
            "content_type": 6,
            "codename": "view_customuser"
        }
    },
    {
        "model": "auth.permission",
        "pk": 25,
        "fields": {
            "name": "Can add amenity",
            "content_type": 7,
            "codename": "add_amenity"
        }
    },
    {
        "model": "auth.permission",
        "pk": 26,
        "fields": {
            "name": "Can change amenity",
            "content_type": 7,
            "codename": "change_amenity"
        }
    },
    {
        "model": "auth.permission",
        "pk": 27,
        "fields": {
            "name": "Can delete amenity",
            "content_type": 7,
            "codename": "delete_amenity"
        }
    },
    {
        "model": "auth.permission",
        "pk": 28,
        "fields": {
            "name": "Can view amenity",
            "content_type": 7,
            "codename": "view_amenity"
        }
    },
    {
        "model": "auth.permission",
        "pk": 29,
        "fields": {
            "name": "Can add booking",
            "content_type": 8,
            "codename": "add_booking"
        }
    },
    {
        "model": "auth.permission",
        "pk": 30,
        "fields": {
            "name": "Can change booking",
            "content_type": 8,
            "codename": "change_booking"
        }
    },
    {
        "model": "auth.permission",
        "pk": 31,
        "fields": {
            "name": "Can delete booking",
            "content_type": 8,
            "codename": "delete_booking"
        }
    },
    {
        "model": "auth.permission",
        "pk": 32,
        "fields": {
            "name": "Can view booking",
            "content_type": 8,
            "codename": "view_booking"
        }
    },
    {
        "model": "auth.permission",
        "pk": 33,
        "fields": {
            "name": "Can add hotel",
            "content_type": 9,
            "codename": "add_hotel"
        }
    },
    {
        "model": "auth.permission",
        "pk": 34,
        "fields": {
            "name": "Can change hotel",
            "content_type": 9,
            "codename": "change_hotel"
        }
    },
    {
        "model": "auth.permission",
        "pk": 35,
        "fields": {
            "name": "Can delete hotel",
            "content_type": 9,
            "codename": "delete_hotel"
        }
    },
    {
        "model": "auth.permission",
        "pk": 36,
        "fields": {
            "name": "Can view hotel",
            "content_type": 9,
            "codename": "view_hotel"
        }
    },
    {
        "model": "auth.permission",
        "pk": 37,
        "fields": {
            "name": "Can add user rating",
            "content_type": 10,
            "codename": "add_userrating"
        }
    },
    {
        "model": "auth.permission",
        "pk": 38,
        "fields": {
            "name": "Can change user rating",
            "content_type": 10,
            "codename": "change_userrating"
        }
    },
    {
        "model": "auth.permission",
        "pk": 39,
        "fields": {
            "name": "Can delete user rating",
            "content_type": 10,
            "codename": "delete_userrating"
        }
    },
    {
        "model": "auth.permission",
        "pk": 40,
        "fields": {
            "name": "Can view user rating",
            "content_type": 10,
            "codename": "view_userrating"
        }
    },
    {
        "model": "auth.permission",
        "pk": 41,
        "fields": {
            "name": "Can add user activity",
            "content_type": 11,
            "codename": "add_useractivity"
        }
    },
    {
        "model": "auth.permission",
        "pk": 42,
        "fields": {
            "name": "Can change user activity",
            "content_type": 11,
            "codename": "change_useractivity"
        }
    },
    {
        "model": "auth.permission",
        "pk": 43,
        "fields": {
            "name": "Can delete user activity",
            "content_type": 11,
            "codename": "delete_useractivity"
        }
    },
    {
        "model": "auth.permission",
        "pk": 44,
        "fields": {
            "name": "Can view user activity",
            "content_type": 11,
            "codename": "view_useractivity"
        }
    },
    {
        "model": "auth.permission",
        "pk": 45,
        "fields": {
            "name": "Can add rating",
            "content_type": 12,
            "codename": "add_rating"
        }
    },
    {
        "model": "auth.permission",
        "pk": 46,
        "fields": {
            "name": "Can change rating",
            "content_type": 12,
            "codename": "change_rating"
        }
    },
    {
        "model": "auth.permission",
        "pk": 47,
        "fields": {
            "name": "Can delete rating",
            "content_type": 12,
            "codename": "delete_rating"
        }
    },
    {
        "model": "auth.permission",
        "pk": 48,
        "fields": {
            "name": "Can view rating",
            "content_type": 12,
            "codename": "view_rating"
        }
    },
    {
        "model": "auth.permission",
        "pk": 49,
        "fields": {
            "name": "Can add photo",
            "content_type": 13,
            "codename": "add_photo"
        }
    },
    {
        "model": "auth.permission",
        "pk": 50,
        "fields": {
            "name": "Can change photo",
            "content_type": 13,
            "codename": "change_photo"
        }
    },
    {
        "model": "auth.permission",
        "pk": 51,
        "fields": {
            "name": "Can delete photo",
            "content_type": 13,
            "codename": "delete_photo"
        }
    },
    {
        "model": "auth.permission",
        "pk": 52,
        "fields": {
            "name": "Can view photo",
            "content_type": 13,
            "codename": "view_photo"
        }
    },
    {
        "model": "auth.permission",
        "pk": 53,
        "fields": {
            "name": "Can add comment",
            "content_type": 14,
            "codename": "add_comment"
        }
    },
    {
        "model": "auth.permission",
        "pk": 54,
        "fields": {
            "name": "Can change comment",
            "content_type": 14,
            "codename": "change_comment"
        }
    },
    {
        "model": "auth.permission",
        "pk": 55,
        "fields": {
            "name": "Can delete comment",
            "content_type": 14,
            "codename": "delete_comment"
        }
    },
    {
        "model": "auth.permission",
        "pk": 56,
        "fields": {
            "name": "Can view comment",
            "content_type": 14,
            "codename": "view_comment"
        }
    },
    {
        "model": "auth.group",
        "pk": 1,
        "fields": {
            "name": "Administrator",
            "permissions": [
                1,
                2,
                3,
                4,
                17,
                18,
                19,
                20,
                13,
                14,
                15,
                16,
                5,
                6,
                7,
                8,
                25,
                26,
                27,
                28,
                29,
                30,
                31,
                32,
                53,
                54,
                55,
                56,
                21,
                22,
                23,
                24,
                33,
                34,
                35,
                36,
                49,
                50,
                51,
                52,
                45,
                46,
                47,
                48,
                41,
                42,
                43,
                44,
                37,
                38,
                39,
                40,
                9,
                10,
                11,
                12
            ]
        }
    },
    {
        "model": "auth.group",
        "pk": 4,
        "fields": {
            "name": "Hotel Managers",
            "permissions": [
                25,
                26,
                27,
                28,
                32,
                56,
                24,
                33,
                34,
                35,
                36,
                49,
                50,
                51,
                52,
                48,
                44,
                40
            ]
        }
    },
    {
        "model": "auth.group",
        "pk": 5,
        "fields": {
            "name": "Users",
            "permissions": [
                28,
                29,
                30,
                31,
                32,
                53,
                54,
                55,
                56,
                36,
                52,
                45,
                46,
                47,
                48,
                37,
                38,
                39,
                40
            ]
        }
    },
    {
        "model": "hotel_your_choice.customuser",
        "pk": 1,
        "fields": {
            "password": "pbkdf2_sha256$260000$1LmTI30a20lA7vyW7qv7pt$uCM4pc4MIPG0n5DAC1uuMNxJdISZ1TjSTT85MakH+Xc=",
            "last_login": "2024-01-26T02:58:53.340",
            "is_superuser": true,
            "username": "Admin",
            "first_name": "",
            "last_name": "",
            "email": "PP4-SiteOwner@hotmail.com",
            "is_staff": true,
            "is_active": true,
            "date_joined": "2024-01-24T22:51:14",
            "profile_picture": "",
            "is_hotel_manager": false,
            "is_client_user": false,
            "is_administrator": true,
            "reset_token": null,
            "groups": [
                1
            ],
            "user_permissions": [
                1,
                2,
                3,
                4,
                17,
                18,
                19,
                20,
                13,
                14,
                15,
                16,
                5,
                6,
                7,
                8,
                25,
                26,
                27,
                28,
                29,
                30,
                31,
                32,
                53,
                54,
                55,
                56,
                21,
                22,
                23,
                24,
                33,
                34,
                35,
                36,
                49,
                50,
                51,
                52,
                45,
                46,
                47,
                48,
                41,
                42,
                43,
                44,
                37,
                38,
                39,
                40,
                9,
                10,
                11,
                12
            ]
        }
    },
    {
        "model": "hotel_your_choice.customuser",
        "pk": 2,
        "fields": {
            "password": "pbkdf2_sha256$260000$3yTERzkas2IPczHnuVFSTV$r39svL+131qWZCo0BKlEFqr3KrwxexNu7SrE42Lgwi8=",
            "last_login": "2024-01-25T22:14:21.985",
            "is_superuser": false,
            "username": "HotelManager01",
            "first_name": "HotelManager",
            "last_name": "01",
            "email": "hotelmanager01@hotmail.com",
            "is_staff": false,
            "is_active": true,
            "date_joined": "2024-01-24T22:59:21",
            "profile_picture": "",
            "is_hotel_manager": true,
            "is_client_user": false,
            "is_administrator": false,
            "reset_token": null,
            "groups": [
                4
            ],
            "user_permissions": [
                25,
                26,
                27,
                28,
                32,
                56,
                33,
                34,
                35,
                36,
                49,
                50,
                51,
                52,
                48,
                44,
                40
            ]
        }
    },
    {
        "model": "hotel_your_choice.customuser",
        "pk": 3,
        "fields": {
            "password": "pbkdf2_sha256$260000$KT3AWTz5QlAwQY6FoDdnji$UoW8yt2r1T0Bi7hdsTQaBsSYhBcDnsMSNm7Apho2v5k=",
            "last_login": "2024-01-25T22:14:36.554",
            "is_superuser": false,
            "username": "HotelManager02",
            "first_name": "HotelManager",
            "last_name": "02",
            "email": "hotelmanager02@hotmail.com",
            "is_staff": false,
            "is_active": true,
            "date_joined": "2024-01-25T07:39:43",
            "profile_picture": "",
            "is_hotel_manager": true,
            "is_client_user": false,
            "is_administrator": false,
            "reset_token": null,
            "groups": [
                4
            ],
            "user_permissions": [
                25,
                26,
                27,
                28,
                32,
                56,
                24,
                33,
                34,
                35,
                36,
                49,
                50,
                51,
                52,
                48,
                44,
                40
            ]
        }
    },
    {
        "model": "hotel_your_choice.customuser",
        "pk": 4,
        "fields": {
            "password": "pbkdf2_sha256$260000$dNzweSfsFcaaDrAV09tk1O$F9grBZHMivDPn9GJCIkFsMt4SYgGO3UMeoJ+5kwLGNk=",
            "last_login": "2024-01-26T02:56:18.152",
            "is_superuser": false,
            "username": "HotelUser01",
            "first_name": "HotelUser",
            "last_name": "01",
            "email": "hoteluser01@hotmail.com",
            "is_staff": false,
            "is_active": true,
            "date_joined": "2024-01-25T23:52:43",
            "profile_picture": "",
            "is_hotel_manager": false,
            "is_client_user": true,
            "is_administrator": false,
            "reset_token": null,
            "groups": [
                5
            ],
            "user_permissions": [
                29,
                30,
                31,
                32,
                53,
                54,
                55,
                56,
                36,
                52,
                45,
                46,
                47,
                48,
                44,
                37,
                38,
                39,
                40
            ]
        }
    },
    {
        "model": "hotel_your_choice.photo",
        "pk": 7,
        "fields": {
            "hotel": 1,
            "image": "image/upload/v1706161400/hotel_your_choice/hotel_photos/xrhdmmaciznbygqy9zcw.jpg"
        }
    },
    {
        "model": "hotel_your_choice.photo",
        "pk": 8,
        "fields": {
            "hotel": 1,
            "image": "image/upload/v1706161401/hotel_your_choice/hotel_photos/iaqlfc0iaamf30iitztr.jpg"
        }
    },
    {
        "model": "hotel_your_choice.photo",
        "pk": 9,
        "fields": {
            "hotel": 1,
            "image": "image/upload/v1706161402/hotel_your_choice/hotel_photos/hiuxhlt256ky5ie5icuo.jpg"
        }
    },
    {
        "model": "hotel_your_choice.photo",
        "pk": 10,
        "fields": {
            "hotel": 1,
            "image": "image/upload/v1706162691/hotel_your_choice/hotel_photos/habyw21jarpgxk4ai7fw.jpg"
        }
    },
    {
        "model": "hotel_your_choice.photo",
        "pk": 11,
        "fields": {
            "hotel": 1,
            "image": "image/upload/v1706162691/hotel_your_choice/hotel_photos/twghij4ysqy9a2efmu8y.jpg"
        }
    },
    {
        "model": "hotel_your_choice.photo",
        "pk": 12,
        "fields": {
            "hotel": 1,
            "image": "image/upload/v1706162692/hotel_your_choice/hotel_photos/ukla9vffwhvueiutqjp8.jpg"
        }
    },
    {
        "model": "hotel_your_choice.photo",
        "pk": 13,
        "fields": {
            "hotel": 1,
            "image": "image/upload/v1706207379/hotel_your_choice/hotel_photos/nzkk5wgrec3meqw22d71.jpg"
        }
    },
    {
        "model": "hotel_your_choice.photo",
        "pk": 14,
        "fields": {
            "hotel": 1,
            "image": "image/upload/v1706207380/hotel_your_choice/hotel_photos/ohacmhc031c8rdae8all.jpg"
        }
    },
    {
        "model": "hotel_your_choice.photo",
        "pk": 15,
        "fields": {
            "hotel": 2,
            "image": "image/upload/v1706225480/hotel_your_choice/hotel_photos/bxuujona9zslwxqppu0p.jpg"
        }
    },
    {
        "model": "hotel_your_choice.photo",
        "pk": 16,
        "fields": {
            "hotel": 2,
            "image": "image/upload/v1706225481/hotel_your_choice/hotel_photos/ycuprivj3g8t5npizade.jpg"
        }
    },
    {
        "model": "hotel_your_choice.photo",
        "pk": 17,
        "fields": {
            "hotel": 2,
            "image": "image/upload/v1706225482/hotel_your_choice/hotel_photos/ooyz2obvpju3imwy9dlk.jpg"
        }
    },
    {
        "model": "hotel_your_choice.photo",
        "pk": 18,
        "fields": {
            "hotel": 2,
            "image": "image/upload/v1706225483/hotel_your_choice/hotel_photos/jdtfyflij7yh4s5cazas.jpg"
        }
    },
    {
        "model": "hotel_your_choice.photo",
        "pk": 19,
        "fields": {
            "hotel": 2,
            "image": "image/upload/v1706225483/hotel_your_choice/hotel_photos/jizjxkgiq9qi5ymh79ro.jpg"
        }
    },
    {
        "model": "hotel_your_choice.photo",
        "pk": 20,
        "fields": {
            "hotel": 2,
            "image": "image/upload/v1706225484/hotel_your_choice/hotel_photos/d2uvqeer5uha42mhpr4l.jpg"
        }
    },
    {
        "model": "hotel_your_choice.photo",
        "pk": 21,
        "fields": {
            "hotel": 2,
            "image": "image/upload/v1706225485/hotel_your_choice/hotel_photos/razbpwbygzzvtvhgsxw5.jpg"
        }
    },
    {
        "model": "hotel_your_choice.photo",
        "pk": 22,
        "fields": {
            "hotel": 2,
            "image": "image/upload/v1706225485/hotel_your_choice/hotel_photos/xggr73bytncqy12vkbfb.jpg"
        }
    },
    {
        "model": "hotel_your_choice.photo",
        "pk": 23,
        "fields": {
            "hotel": 2,
            "image": "image/upload/v1706226396/hotel_your_choice/hotel_photos/sbolg133k9oon8be5dyd.jpg"
        }
    },
    {
        "model": "hotel_your_choice.photo",
        "pk": 24,
        "fields": {
            "hotel": 2,
            "image": "image/upload/v1706226397/hotel_your_choice/hotel_photos/asghnj8b1iiuopy3gzaq.jpg"
        }
    },
    {
        "model": "hotel_your_choice.photo",
        "pk": 25,
        "fields": {
            "hotel": 2,
            "image": "image/upload/v1706226398/hotel_your_choice/hotel_photos/nu6uw9luckwnypp3jtzr.jpg"
        }
    },
    {
        "model": "hotel_your_choice.photo",
        "pk": 26,
        "fields": {
            "hotel": 2,
            "image": "image/upload/v1706226398/hotel_your_choice/hotel_photos/ygedwceafdhqnn5uug1b.jpg"
        }
    },
    {
        "model": "hotel_your_choice.photo",
        "pk": 27,
        "fields": {
            "hotel": 2,
            "image": "image/upload/v1706226399/hotel_your_choice/hotel_photos/zqk1lz53hj1vxu4pxtco.jpg"
        }
    },
    {
        "model": "hotel_your_choice.photo",
        "pk": 28,
        "fields": {
            "hotel": 2,
            "image": "image/upload/v1706226400/hotel_your_choice/hotel_photos/hsuxnbxmfnjkfhb77sok.jpg"
        }
    },
    {
        "model": "hotel_your_choice.photo",
        "pk": 29,
        "fields": {
            "hotel": 2,
            "image": "image/upload/v1706226446/hotel_your_choice/hotel_photos/ywpjhqqgrxnvecvuhrhz.jpg"
        }
    },
    {
        "model": "hotel_your_choice.photo",
        "pk": 30,
        "fields": {
            "hotel": 2,
            "image": "image/upload/v1706226447/hotel_your_choice/hotel_photos/qm4gkgngdd16mp9ebuv2.jpg"
        }
    },
    {
        "model": "hotel_your_choice.photo",
        "pk": 31,
        "fields": {
            "hotel": 2,
            "image": "image/upload/v1706226447/hotel_your_choice/hotel_photos/s8yzxznb2fcwf2uucn9v.jpg"
        }
    },
    {
        "model": "hotel_your_choice.photo",
        "pk": 32,
        "fields": {
            "hotel": 2,
            "image": "image/upload/v1706226448/hotel_your_choice/hotel_photos/kvpj5bk6mdjv9zmszs5x.jpg"
        }
    },
    {
        "model": "hotel_your_choice.photo",
        "pk": 33,
        "fields": {
            "hotel": 2,
            "image": "image/upload/v1706226448/hotel_your_choice/hotel_photos/b8cuvgckpwlwnfao3gu6.jpg"
        }
    },
    {
        "model": "hotel_your_choice.photo",
        "pk": 34,
        "fields": {
            "hotel": 2,
            "image": "image/upload/v1706226449/hotel_your_choice/hotel_photos/si7urlrzvjunif0vumco.jpg"
        }
    },
    {
        "model": "hotel_your_choice.photo",
        "pk": 35,
        "fields": {
            "hotel": 2,
            "image": "image/upload/v1706226450/hotel_your_choice/hotel_photos/mxo77v8eaowi83qam8jr.jpg"
        }
    },
    {
        "model": "hotel_your_choice.photo",
        "pk": 36,
        "fields": {
            "hotel": 2,
            "image": "image/upload/v1706226450/hotel_your_choice/hotel_photos/waddofbrlnuy5wyaotm2.jpg"
        }
    },
    {
        "model": "hotel_your_choice.photo",
        "pk": 37,
        "fields": {
            "hotel": 2,
            "image": "image/upload/v1706226451/hotel_your_choice/hotel_photos/x1vsq0xqewmtgwnx6iqw.jpg"
        }
    },
    {
        "model": "hotel_your_choice.photo",
        "pk": 38,
        "fields": {
            "hotel": 2,
            "image": "image/upload/v1706226452/hotel_your_choice/hotel_photos/uuppgjxtt15ykaupah1r.jpg"
        }
    },
    {
        "model": "hotel_your_choice.photo",
        "pk": 39,
        "fields": {
            "hotel": 2,
            "image": "image/upload/v1706226452/hotel_your_choice/hotel_photos/cq8dew7zogka9otz9y16.jpg"
        }
    },
    {
        "model": "hotel_your_choice.photo",
        "pk": 40,
        "fields": {
            "hotel": 2,
            "image": "image/upload/v1706226453/hotel_your_choice/hotel_photos/ftnxjpmjcj48pmejvjsn.jpg"
        }
    },
    {
        "model": "hotel_your_choice.photo",
        "pk": 41,
        "fields": {
            "hotel": 2,
            "image": "image/upload/v1706226454/hotel_your_choice/hotel_photos/qawru13l5h2atct1pght.jpg"
        }
    },
    {
        "model": "hotel_your_choice.photo",
        "pk": 42,
        "fields": {
            "hotel": 2,
            "image": "image/upload/v1706226455/hotel_your_choice/hotel_photos/ihymfdtfsvfnffink38c.jpg"
        }
    },
    {
        "model": "hotel_your_choice.photo",
        "pk": 43,
        "fields": {
            "hotel": 2,
            "image": "image/upload/v1706226456/hotel_your_choice/hotel_photos/jcvbw3zldjpdoj6sppt2.jpg"
        }
    },
    {
        "model": "hotel_your_choice.photo",
        "pk": 44,
        "fields": {
            "hotel": 2,
            "image": "image/upload/v1706226456/hotel_your_choice/hotel_photos/qxgyhxwiajrkcdxlok2z.jpg"
        }
    },
    {
        "model": "hotel_your_choice.photo",
        "pk": 45,
        "fields": {
            "hotel": 2,
            "image": "image/upload/v1706226457/hotel_your_choice/hotel_photos/jd3z4enexcpsyrawlxsp.jpg"
        }
    },
    {
        "model": "hotel_your_choice.photo",
        "pk": 46,
        "fields": {
            "hotel": 2,
            "image": "image/upload/v1706226458/hotel_your_choice/hotel_photos/b0x96altoismnlcma2yg.jpg"
        }
    },
    {
        "model": "hotel_your_choice.photo",
        "pk": 47,
        "fields": {
            "hotel": 3,
            "image": "image/upload/v1706226496/hotel_your_choice/hotel_photos/lhyblwcrfksxmyy0g4rw.jpg"
        }
    },
    {
        "model": "hotel_your_choice.photo",
        "pk": 48,
        "fields": {
            "hotel": 3,
            "image": "image/upload/v1706226497/hotel_your_choice/hotel_photos/tmdn4sezhsnzq0wjv0jo.jpg"
        }
    },
    {
        "model": "hotel_your_choice.photo",
        "pk": 49,
        "fields": {
            "hotel": 3,
            "image": "image/upload/v1706226497/hotel_your_choice/hotel_photos/ompnpxwykvchioepzwbk.jpg"
        }
    },
    {
        "model": "hotel_your_choice.photo",
        "pk": 50,
        "fields": {
            "hotel": 3,
            "image": "image/upload/v1706226498/hotel_your_choice/hotel_photos/ipljjjvven9v7wipvga7.jpg"
        }
    },
    {
        "model": "hotel_your_choice.photo",
        "pk": 51,
        "fields": {
            "hotel": 3,
            "image": "image/upload/v1706226500/hotel_your_choice/hotel_photos/fr1mnb7rsxkwlnobe9bk.jpg"
        }
    },
    {
        "model": "hotel_your_choice.photo",
        "pk": 52,
        "fields": {
            "hotel": 3,
            "image": "image/upload/v1706226500/hotel_your_choice/hotel_photos/v7xqg5iliejxau7cubk9.jpg"
        }
    },
    {
        "model": "hotel_your_choice.photo",
        "pk": 53,
        "fields": {
            "hotel": 3,
            "image": "image/upload/v1706226501/hotel_your_choice/hotel_photos/bharbleasdym3ch9x8eo.jpg"
        }
    },
    {
        "model": "hotel_your_choice.photo",
        "pk": 54,
        "fields": {
            "hotel": 3,
            "image": "image/upload/v1706226502/hotel_your_choice/hotel_photos/kahyvzmu6ibnbpphdjh5.jpg"
        }
    },
    {
        "model": "hotel_your_choice.photo",
        "pk": 55,
        "fields": {
            "hotel": 3,
            "image": "image/upload/v1706226502/hotel_your_choice/hotel_photos/cm4kwap2sncgjcwh7jbo.jpg"
        }
    },
    {
        "model": "hotel_your_choice.photo",
        "pk": 56,
        "fields": {
            "hotel": 3,
            "image": "image/upload/v1706226503/hotel_your_choice/hotel_photos/moiuzzy0fixqiqejq8gi.jpg"
        }
    },
    {
        "model": "hotel_your_choice.photo",
        "pk": 57,
        "fields": {
            "hotel": 3,
            "image": "image/upload/v1706226504/hotel_your_choice/hotel_photos/setk5xk0paqt8gjhlz53.jpg"
        }
    },
    {
        "model": "hotel_your_choice.photo",
        "pk": 58,
        "fields": {
            "hotel": 3,
            "image": "image/upload/v1706226504/hotel_your_choice/hotel_photos/sp8g5kvhoyrp4yrmrnfd.jpg"
        }
    },
    {
        "model": "hotel_your_choice.photo",
        "pk": 59,
        "fields": {
            "hotel": 3,
            "image": "image/upload/v1706226505/hotel_your_choice/hotel_photos/jzrr6sjqez4xbpjldizh.jpg"
        }
    },
    {
        "model": "hotel_your_choice.photo",
        "pk": 60,
        "fields": {
            "hotel": 3,
            "image": "image/upload/v1706226506/hotel_your_choice/hotel_photos/gonigblo5nkkedj9tmpk.jpg"
        }
    },
    {
        "model": "hotel_your_choice.photo",
        "pk": 61,
        "fields": {
            "hotel": 3,
            "image": "image/upload/v1706226507/hotel_your_choice/hotel_photos/oqf3gb84hmfzup6waqy9.jpg"
        }
    },
    {
        "model": "hotel_your_choice.photo",
        "pk": 62,
        "fields": {
            "hotel": 3,
            "image": "image/upload/v1706226508/hotel_your_choice/hotel_photos/vlvxozhzpxlmbmjgoznn.jpg"
        }
    },
    {
        "model": "hotel_your_choice.photo",
        "pk": 63,
        "fields": {
            "hotel": 3,
            "image": "image/upload/v1706226509/hotel_your_choice/hotel_photos/jgzupy43q6omralxkoih.jpg"
        }
    },
    {
        "model": "hotel_your_choice.hotel",
        "pk": 1,
        "fields": {
            "name": "Killarney Avenue",
            "description": "Overlooking the Golden Gates of Killarney National Park, the Jaunting Cars or the Surrounding area, the Classic King Room features a 5ft wide king-sized bed and Jacuzzi. ll guests have complimentary access to the Leisure Centre complete with whirlpool, sauna, pool and gym in sister property Killarney Towers Hotel & Leisure Centre located 200m away\r\n\r\nBedrooms at the 4-star Killarney Avenue Hotel have large windows providing stunning views. The air-conditioned rooms feature free wireless internet and TVs, bathrobes and slippers are available on request.\r\n\r\nLocally sourced food is served in the Druids Restaurant whilst the Kenmare Rooms has fine whiskeys, ales and live music at weekends. Killarney has plenty of fantastic restaurants, shops and tea rooms.\r\n\r\nGuests at the Killarney Avenue have use of its sister hotel, the Killarney Towers, leisure facilities. Just a 2-minute walk away, it has a swimming pool, sauna and gymnasium.\r\n\r\nCouples particularly like the location  they rated it 9.7 for a two-person trip.\r\n\r\nDistance in property description is calculated using  OpenStreetMap",
            "address": "Town Centre, Killarney, Ireland",
            "night_rate": "150.00",
            "capacity": 75,
            "room_number": null,
            "main_photo": "image/upload/v1706207378/hotel_your_choice/hotel_main_photos/au7tnqftyfeipgcejbhh.jpg",
            "amenities": "Most popular facilitiesNon-smoking roomsFitness centreFacilities for disabled guestsRestaurantRoom serviceFree parkingFree WiFiTea/coffee maker in all roomsBarFabulous breakfast",
            "manager": 2,
            "other_photos": [
                13,
                14
            ],
            "rated_bookings": [
                1
            ]
        }
    },
    {
        "model": "hotel_your_choice.hotel",
        "pk": 2,
        "fields": {
            "name": "The Lake Hotel",
            "description": "Nestled on the shores of Loch Lein, The Lake Hotel has magnificent mountain views. Just 2km from Killarney, the hotel has en suite rooms, a restaurant and an outdoor hot tub.",
            "address": "Lake Shore, Muckross Road, . Killarney, Ireland",
            "night_rate": "150.00",
            "capacity": 50,
            "room_number": null,
            "main_photo": "image/upload/v1706213606/hotel_your_choice/hotel_main_photos/fweu6nnkio89cxd17poo.jpg",
            "amenities": "Most popular facilitiesNon-smoking roomsFitness centreFacilities for disabled guestsRestaurantRoom serviceFree parkingFree WiFiTea/coffee maker in all roomsBarFabulous breakfast",
            "manager": 3,
            "other_photos": [
                29,
                30,
                31,
                32,
                33,
                34,
                35,
                36,
                37,
                38,
                39,
                40,
                41,
                42,
                43,
                44,
                45,
                46
            ],
            "rated_bookings": [
                2
            ]
        }
    },
    {
        "model": "hotel_your_choice.hotel",
        "pk": 3,
        "fields": {
            "name": "Great Southern Killarney",
            "description": "From its distinctive architecture to its effortless service and genuine hospitality, Great Southern Killarney has been a favourite retreat for over 160 years.\r\n\r\nAfter warming yourself by the open fire in our entrance hall, ease into a soft velvet sofa and enjoy afternoon tea. We like to think time slows down just a little at Great Southern Killarney. Enjoy the light as it streams through tall windows, ramble through our gardens, and rest for a while on a secluded bench. Where else are you going to find 6 acres of gardens in the centre of a bustling town? This is life at Great Southern Killarney, a Victorian landmark, and one of Irelands most beautiful hotels since 1854.\r\n\r\nCouples particularly like the location  they rated it 9.6 for a two-person trip.\r\n\r\nDistance in property description is calculated using  OpenStreetMap",
            "address": "Town Centre, . Killarney, Ireland",
            "night_rate": "145.00",
            "capacity": 25,
            "room_number": null,
            "main_photo": "image/upload/v1706215722/hotel_your_choice/hotel_main_photos/oygjqhecwa3r287tkvig.jpg",
            "amenities": "Most popular facilitiesNon-smoking roomsFitness centreFacilities for disabled guestsRestaurantRoom serviceFree parkingFree WiFiTea/coffee maker in all roomsBarFabulous breakfast",
            "manager": 3,
            "other_photos": [
                47,
                48,
                49,
                50,
                51,
                52,
                53,
                54,
                55,
                56,
                57,
                58,
                59,
                60,
                61,
                62,
                63
            ],
            "rated_bookings": [
                3
            ]
        }
    },
    {
        "model": "hotel_your_choice.booking",
        "pk": 1,
        "fields": {
            "user": 4,
            "hotel": 1,
            "check_in_date": "2024-01-26",
            "check_out_date": "2024-01-27",
            "guests": 2,
            "issued_date": "2024-01-25",
            "rating": null,
            "status": "active",
            "canceled_by": null,
            "original_booking": null
        }
    },
    {
        "model": "hotel_your_choice.booking",
        "pk": 2,
        "fields": {
            "user": 4,
            "hotel": 2,
            "check_in_date": "2024-01-27",
            "check_out_date": "2024-01-28",
            "guests": 5,
            "issued_date": "2024-01-26",
            "rating": null,
            "status": "active",
            "canceled_by": null,
            "original_booking": null
        }
    },
    {
        "model": "hotel_your_choice.booking",
        "pk": 3,
        "fields": {
            "user": 4,
            "hotel": 3,
            "check_in_date": "2024-01-27",
            "check_out_date": "2024-01-28",
            "guests": 4,
            "issued_date": "2024-01-26",
            "rating": null,
            "status": "active",
            "canceled_by": null,
            "original_booking": null
        }
    },
    {
        "model": "hotel_your_choice.rating",
        "pk": 3,
        "fields": {
            "user": 4,
            "booking": 1,
            "hotel": 1,
            "rating": 5,
            "text": "Nice hotel !",
            "timestamp": "2024-01-26T01:36:30.036"
        }
    },
    {
        "model": "hotel_your_choice.rating",
        "pk": 4,
        "fields": {
            "user": 4,
            "booking": 2,
            "hotel": 2,
            "rating": 5,
            "text": "Great hotel",
            "timestamp": "2024-01-26T02:57:02.769"
        }
    },
    {
        "model": "hotel_your_choice.rating",
        "pk": 5,
        "fields": {
            "user": 4,
            "booking": 3,
            "hotel": 3,
            "rating": 5,
            "text": "Super hotel",
            "timestamp": "2024-01-26T02:58:09.291"
        }
    },
    {
        "model": "hotel_your_choice.comment",
        "pk": 1,
        "fields": {
            "text": "I approved your Rating Thanks for Patience !",
            "timestamp": "2024-01-26T03:00:41.868",
            "booking": 3,
            "dislikes_count": 1,
            "likes_count": 1,
            "rating": null
        }
    },
    {
        "model": "hotel_your_choice.comment",
        "pk": 2,
        "fields": {
            "text": "Approved",
            "timestamp": "2024-01-26T03:01:18.293",
            "booking": 2,
            "dislikes_count": 0,
            "likes_count": 0,
            "rating": null
        }
    }
]